Keyword,Frequency
electric toothbrush reviews,8
best electric toothbrush,6
electric toothbrush amazon,6
oral b electric toothbrush,4
electric toothbrush for kids,4
electric toothbrush sonicare,4
electric toothbrush reviews 2012,4
electric toothbrush walmart,4
electric toothbrush ratings,3
electric toothbrush,3
philips sonicare,2
electric toothbrush sonicare reviews,2
electric toothbrush ratings 2014,2
electric toothbrush sonicare vs oral b,2
oral b electric toothbrush reviews,2
electric toothbrush ratings consumer reports,2
electric toothbrush sonicare coupon,2
electric toothbrush amazon.in,1
electric toothbrush walmart canada,1
boots walmart,1
electric toothbrush coupons,1
consumer reports reviews,1
walmart,1
sonicare elite 7300 electric toothbrush,1
top rated electric toothbrush,1
sonicare kids,1
oral b kids,1
electric toothbrush reviews 2014,1
electric toothbrush oral b,1
sonicare toothbrush reviews,1
oral b electric toothbrush coupon,1
sonic electric toothbrush walmart,1
oral b pulsonic electric toothbrush,1
electric toothbrush for kids reviews,1
electric toothbrush reviews 2015,1
electric toothbrush reviews 2011,1
oral b electric toothbrush 5000,1
sonicare reviews,1
electric toothbrush ratings reviews,1
oral b electric toothbrush amazon,1
oral b sonic electric toothbrush,1
sonicare diamondclean vs oral b 5000,1
oral b electric toothbrush rebate,1
sonic toothbrush amazon,1
oral b electric toothbrush review,1
oral b electric toothbrush costco,1
power toothbrush reviews,1
consumer reports sonicare,1
oral b electric toothbrush heads,1
electric toothbrush consumer reviews,1
electric toothbrush for kids with timer,1
electric toothbrush reviews 2012 australia,1
sonic toothbrush walmart,1
philips sonicare hx6311/07 rechargeable electric toothbrush for kids,1
oral b walmart,1
electric toothbrush for kids age,1
braun walmart,1
electric toothbrush waterpik,1
electric toothbrush amazon.ca,1
philips sonicare vs oral b,1
sonicare electric toothbrush walmart,1
electric toothbrush reviews 2012 consumer reports,1
electric toothbrush reviews 2012 uk,1
electric toothbrush costco,1
electric toothbrush for toddlers,1
philips flexcare r910,1
oral b professional electric toothbrush,1
electric toothbrush review,1
electric toothbrush target,1
best electric toothbrush 2012,1
costco,1
sonicare vs oral b reviews,1
electric toothbrush reviews consumer reports,1
electric toothbrush amazon oral b,1
electric toothbrush ratings 2015,1
